Title,Type,URL,category,sub_categories,Publish date,Publish month,Publish year,Last update,Last update month,Last update year,January,February,March,April,May,June,July,August,September,October,November,December
What is Alteryx? An Introductory Guide,blogs,/blog/what-is-alteryx-introductory-guide,Data Analysis,[],2024-01-09,2024-01,2024,,,,1504.2,4457.4,11109,29670,46395.6,43953,45374.4,45402,43111.2,40420.2,37301.4,28359
How to Send Slack Messages with Python,tutorials,/tutorial/how-to-send-slack-messages-with-python,Python,[],2024-01-12,2024-01,2024,,,,2911.8,9080.4,15663,18354,19402.8,17705.4,17181,18574.8,16008,16849.8,11881.8,10005
How to Make a Seaborn Histogram: A Detailed Guide,tutorials,/tutorial/how-to-make-a-seaborn-histogram,Python,['Data Visualization'],2024-01-11,2024-01,2024,,,,2194.2,9936,17691.6,21321,19168.2,15635.4,15359.4,16822.2,17581.2,18588.6,14531.4,10957.2
An 8-Step Guide to Becoming a Power BI Developer in 2025,blogs,/blog/becoming-a-power-bi-developer,Power BI,[],2024-01-25,2024-01,2024,2024-10-24,October,2024,483,9839.4,19168.2,25392,29697.6,30567,38888.4,33465,23887.8,20230.8,23460,17429.4
What is Retrieval Augmented Generation (RAG)?,blogs,/blog/what-is-retrieval-augmented-generation-rag,Artificial Intelligence,[],2024-01-05,2024-01,2024,2024-01-30,January,2024,6099.6,14158.8,33506.4,44739.6,40185.6,30332.4,28469.4,24288,23308.2,21445.2,20258.4,20382.6
How to Use the SUMX Power BI Functions,tutorials,/tutorial/how-to-use-the-sumx-power-bi-functions,Power BI,[],2024-01-31,2024-01,2024,,,,27.6,4457.4,17843.4,24633,26496,26371.8,30456.6,31422.6,28814.4,31753.8,23694.6,20851.8
Alteryx Tutorial: A Comprehensive Hands-On Guide for Data Analytics,tutorials,/tutorial/alteryx-tutorial-guide-for-data-analytics,Data Analysis,[],2024-01-16,2024-01,2024,,,,841.8,1890.6,2925.6,4802.4,5340.6,4816.2,5809.8,5796,5092.2,4733.4,4084.8,2787.6
PySide6 Tutorial: Building GUI Applications with Python,tutorials,/tutorial/introduction-to-pyside6-for-building-gui-applications-with-python,Python,[],2024-01-31,2024-01,2024,,,,0,2415,5354.4,5451,6265.2,4761,5050.8,5947.8,5823.6,6348,6389.4,4416
Databricks Tutorial: 7 Must-know Concepts For Any Data Specialist,tutorials,/tutorial/introduction-to-databricks,Data Analysis,['Big Data'],2024-01-16,2024-01,2024,,,,441.6,1393.8,6003,10667.4,12475.2,10460.4,11509.2,10350,10377.6,9770.4,7603.8,7948.8
Cross-Entropy Loss Function in Machine Learning: Enhancing Model Accuracy,tutorials,/tutorial/the-cross-entropy-loss-function-in-machine-learning,Machine Learning,['Deep Learning'],2024-01-11,2024-01,2024,2024-08-10,August,2024,2152.8,7051.8,23749.8,75900,93798.6,72643.2,70214.4,64653,77238.6,79363.8,68903.4,56069.4
Q4 2023 DataCamp Donates Digest,blogs,/blog/q4-2023-datacamp-donates-digest,DataCamp Donates,['Learner Stories'],2024-01-27,2024-01,2024,,,,124.2,82.8,124.2,0,41.4,55.2,55.2,27.6,0,41.4,0,0
Navigating R Certifications in 2024: A Comprehensive Guide,blogs,/blog/r-certification-guide,R,['Career Services'],2024-01-19,2024-01,2024,2024-04-18,April,2024,138,1200.6,2359.8,2842.8,3629.4,2842.8,2746.2,3532.8,2967,3298.2,2801.4,1876.8
How to Comment Out a Block of Code in Python,tutorials,/tutorial/python-block-comment,Python,[],2024-01-31,2024-01,2024,2024-07-19,July,2024,55.2,62707.2,107019,121412.4,130465.2,104673,97083,107419.2,118597.2,144817.2,85849.8,56580
A Guide to Python Hashmaps,tutorials,/tutorial/guide-to-python-hashmaps,Python,['Data Engineering'],2024-01-23,2024-01,2024,2024-12-03,December,2024,358.8,2304.6,14752.2,25723.2,33520.2,37881,39192,38446.8,34362,41041.2,24122.4,21528
dbt Tutorial: 7 Must-Know Concepts For Data Engineers,tutorials,/tutorial/dbt-tutorial-must-know-concepts-for-data-engineers,Data Engineering,[],2024-01-11,2024-01,2024,,,,979.8,1794,5464.8,8652.6,11799,8735.4,8942.4,8114.4,8031.6,7493.4,6527.4,5630.4
Anaconda vs Python: Exploring Their Differences,blogs,/blog/anaconda-vs-python-key-differences,Python,['Python'],2024-01-09,2024-01,2024,2024-12-10,December,2024,1904.4,2525.4,7231.2,10612.2,13896.6,15345.6,14007,13786.2,11164.2,11357.4,7686.6,7327.8
MongoDB Tutorial: How to Set Up and Query MongoDB Databases,tutorials,/tutorial/mongodb-tutorial-how-to-set-up-and-query-mongodb-databases,Python,['Data Engineering'],2024-01-11,2024-01,2024,2024-09-20,September,2024,441.6,441.6,552,1462.8,1131.6,1242,579.6,938.4,427.8,441.6,579.6,414
A Beginner's Guide to Python for Loops: Mastering for i in range,tutorials,/tutorial/python-for-i-in-range,Python,[],2024-01-31,2024-01,2024,,,,41.4,1987.2,1297.2,1987.2,2194.2,1600.8,2208,2042.4,3629.4,3670.8,2815.2,1504.2
Top 45 AWS Interview Questions and Answers For 2024,blogs,/blog/top-aws-interview-questions-and-answers,AWS,['Career Services'],2024-02-07,2024-02,2024,2024-10-27,October,2024,0,0,30084,88596,120060,109751.4,115795.8,108716.4,88044,72187.8,81847.8,60112.8
Test-Driven Development in Python: A Beginner's Guide,tutorials,/tutorial/test-driven-development-in-python,Python,[],2024-02-21,2024-02,2024,,,,0,193.2,2787.6,4333.2,5533.8,5644.2,6168.6,5354.4,5520,6072,5423.4,4416
"Tableau Certifications Guide: Certification Levels, Costs & How to Pass",blogs,/blog/tableau-certification,Tableau,['Career Services'],2024-02-04,2024-02,2024,2024-08-30,August,2024,0,1587,4043.4,7479.6,8707.8,7866,8045.4,8694,7341.6,8059.2,5644.2,6058.2
A Beginner's Guide to CI/CD for Machine Learning,tutorials,/tutorial/ci-cd-for-machine-learning,Machine Learning,['Python'],2024-02-16,2024-02,2024,,,,0,1766.4,4167.6,8597.4,7728,7686.6,8376.6,7521,7866,7645.2,6210,5106
Fine-Tuning LLMs: A Guide With Examples,tutorials,/tutorial/fine-tuning-large-language-models,Artificial Intelligence,['Large Language Models'],2024-02-14,2024-02,2024,2024-12-04,December,2024,0,12323.4,85063.2,120253.2,144099.6,111918,114664.2,101568,96958.8,108412.8,92487.6,106467
How DataCamp Helps Drax Accelerate the Transition to Renewable Energy,blogs,/blog/how-datacamp-helps-drax-accelerate-the-transition-to-renewable-energy,Learner Stories,[],2024-02-02,2024-02,2024,,,,0,193.2,41.4,41.4,69,13.8,41.4,55.2,41.4,27.6,27.6,110.4
What is DeepMind AlphaGeometry?,blogs,/blog/what-is-deepmind-alphageometry,Artificial Intelligence,[],2024-02-29,2024-02,2024,,,,0,0,1628.4,1476.6,800.4,400.2,607.2,386.4,165.6,358.8,234.6,289.8
Mastering SQL ROUND: Precision Handling in Data Analysis,tutorials,/tutorial/mastering-sql-round,SQL,['Data Analysis'],2024-02-08,2024-02,2024,,,,0,731.4,5464.8,15290.4,21486.6,15538.8,17388,20824.2,19389,18423,13068.6,9301.2
Stability AI Announces Stable Diffusion 3: All We Know So Far,blogs,/blog/stability-ai-announces-stable-diffusion-3-all-we-know-so-far,Artificial Intelligence,[],2024-02-22,2024-02,2024,,,,0,5175,14490,5050.8,3229.2,3946.8,1518,1104,814.2,220.8,289.8,165.6
How to Use the Python 'Not Equal' Operator,tutorials,/tutorial/not-equal-python,Python,[],2024-02-14,2024-02,2024,,,,0,276,924.6,1283.4,3519,2456.4,2953.2,3905.4,5037,4650.6,2911.8,2001
AI in Finance: Revolutionizing the Future of Financial Management,blogs,/blog/ai-in-finance,Artificial Intelligence,[],2024-02-29,2024-02,2024,2024-06-23,June,2024,0,0,7948.8,14379.6,15497.4,14628,16339.2,13910.4,14766,13068.6,11592,7838.4
Mastering the Pandas .explode() Method: A Comprehensive Guide,tutorials,/tutorial/pandas-explode,Python,[],2024-02-14,2024-02,2024,,,,0,2208,11495.4,13496.4,13096.2,10805.4,10543.2,9742.8,9439.2,9811.8,6789.6,4595.4
Everything We Know About GPT-5,blogs,/blog/everything-we-know-about-gpt-5,Artificial Intelligence,[],2024-02-14,2024-02,2024,,,,0,20741.4,56856,32071.2,17512.2,14283,9301.2,8473.2,8390.4,4788.6,2829,6748.2
A Guide to PyTorch Certifications & Certificates,blogs,/blog/pytorch-certifications-and-certificates,Certification,['Python'],2024-02-14,2024-02,2024,,,,0,841.8,2594.4,3629.4,4126.2,3174,3574.2,3657,2649.6,3091.2,2511.6,2511.6
Mastering Bayesian Optimization in Data Science,tutorials,/tutorial/mastering-bayesian-optimization-in-data-science,Data Analysis,['Machine Learning'],2024-02-02,2024-02,2024,,,,0,1393.8,3312,4443.6,4774.8,4291.8,4222.8,4057.2,3187.8,3146.4,2649.6,1821.6
Semantic Search with Pinecone and OpenAI,tutorials,/tutorial/semantic-search-pinecone-openai,Artificial Intelligence,[],2024-02-28,2024-02,2024,,,,0,69,2829,3988.2,3988.2,3381,3187.8,2580.6,1932,1863,1807.8,1131.6
A Comprehensive Guide to Python Empty Lists,tutorials,/tutorial/python-empty-list,Python,[],2024-02-02,2024-02,2024,,,,0,13800,24646.8,25819.8,20658.6,16311.6,17181,18298.8,22135.2,22894.2,13813.8,8335.2
SQL CONTAINS: A Comprehensive Tutorial,tutorials,/tutorial/sql-contains,SQL,[],2024-02-09,2024-02,2024,,,,0,1104,10432.8,24674.4,36238.8,39564.6,53695.8,60568.2,58249.8,65039.4,34624.2,27641.4
Top 5 SQL Server Certifications: A Complete Guide,blogs,/blog/top-sql-server-certifications,SQL,['Career Services'],2024-02-23,2024-02,2024,2024-10-29,October,2024,0,124.2,4857.6,24922.8,34168.8,28662.6,32995.8,27089.4,22535.4,20244.6,16974,21114
Finding the Size of a DataFrame in Python,tutorials,/tutorial/python-dataframe-size,Python,[],2024-02-14,2024-02,2024,,,,0,1186.8,10170.6,15745.8,17208.6,16725.6,18326.4,16863.6,17595,16008,9991.2,8418
Top 32 Snowflake Interview Questions & Answers For 2024,blogs,/blog/top-snowflake-interview-questions-for-all-levels,Data Engineering,[],2024-02-23,2024-02,2024,2024-10-27,October,2024,0,1380,35535,58553.4,70614.6,61672.2,76424.4,64280.4,58374,53281.8,56704.2,53613
How to Learn Machine Learning in 2024,blogs,/blog/how-to-learn-machine-learning,Machine Learning,['Career Services'],2024-02-22,2024-02,2024,,,,0,496.8,4899,6499.8,6486,7341.6,7176,7783.2,6720.6,6141,5023.2,5050.8
Power BI Certification: A Comprehensive Guide to Choosing The Right Path in 2025,blogs,/blog/power-bi-certification,Power BI,['Career Services'],2024-02-02,2024-02,2024,2024-11-15,November,2024,0,938.4,7396.8,20907,25861.2,24495,24605.4,14283,10888.2,10432.8,6223.8,7714.2
A Deep Dive into the Phi-2 Model,tutorials,/tutorial/phi-2-model,Python,['Artificial Intelligence'],2024-02-02,2024-02,2024,,,,0,12116.4,15718.2,14683.2,9052.8,5257.8,4623,2442.6,2456.4,1587,1255.8,1311
An Introduction to LMQL: The Bridge Between SQL and Large Language Models,tutorials,/tutorial/introduction-to-lmql,Artificial Intelligence,['SQL'],2024-02-08,2024-02,2024,,,,0,1587,1945.8,2967,2801.4,2691,1821.6,1794,1159.2,1255.8,1228.2,1048.8
Building Intelligent Applications with Pinecone Canopy: A Beginner's Guide,tutorials,/tutorial/pinecone-canopy-building-intelligent-applications,Artificial Intelligence,[],2024-02-23,2024-02,2024,,,,0,193.2,1752.6,1131.6,897,455.4,372.6,234.6,303.6,124.2,248.4,82.8
Python Linked Lists: Tutorial With Examples,tutorials,/tutorial/python-linked-lists,Python,[],2024-02-28,2024-02,2024,,,,0,124.2,15718.2,34983,43732.2,37439.4,48576,53378.4,58539.6,59629.8,41248.2,31008.6
Looker vs Tableau: Which is The Best BI Tool For Your Needs?,blogs,/blog/looker-vs-tableau,Tableau,['Business Intelligence'],2024-03-15,2024-03,2024,,,,0,0,386.4,1048.8,1159.2,938.4,1021.2,717.6,979.8,952.2,745.2,469.2
Python Private Methods Explained,tutorials,/tutorial/python-private-methods-explained,Python,[],2024-03-27,2024-03,2024,,,,0,0,276,16725.6,25309.2,21721.2,20893.2,22149,18078,19237.2,14076,10639.8
Fine-Tuning OpenAI's GPT-4: A Step-by-Step Guide,tutorials,/tutorial/fine-tuning-openais-gpt-4-step-by-step-guide,Artificial Intelligence,[],2024-03-14,2024-03,2024,,,,0,0,9784.2,27241.2,35797.2,28869.6,29987.4,32209.2,28483.2,30498,26330.4,21265.8
What is Stable Code 3B?,blogs,/blog/what-is-stable-code-3b,Artificial Intelligence,[],2024-03-01,2024-03,2024,,,,0,0,855.6,524.4,262.2,207,165.6,96.6,207,317.4,207,234.6
PostgreSQL vs. MySQL: Choosing the Right Database for Your Project,blogs,/blog/postgresql-vs-mysql,SQL,['Data Analysis'],2024-03-07,2024-03,2024,2024-09-20,September,2024,0,0,1338.6,3822.6,4043.4,3808.8,6679.2,6748.2,8086.8,10446.6,9066.6,6762
9 Best Open Source Text-to-Speech (TTS) Engines,blogs,/blog/best-open-source-text-to-speech-tts-engines,Artificial Intelligence,['Deep Learning'],2024-03-26,2024-03,2024,2024-12-02,December,2024,0,0,2318.4,36197.4,43677,37784.4,38198.4,32913,23322,26220,18202.2,19623.6
Estimating The Cost of GPT Using The tiktoken Library in Python,tutorials,/tutorial/estimating-cost-of-gpt-using-tiktoken-library-python,Python,['Artificial Intelligence'],2024-03-26,2024-03,2024,,,,0,0,193.2,2428.8,4015.8,3256.8,3118.8,1849.2,1145.4,1628.4,1104,828
A Comprehensive Guide to Working with the Mistral Large Model,tutorials,/tutorial/guide-to-working-with-the-mistral-large-model,Artificial Intelligence,[],2024-03-28,2024-03,2024,,,,0,0,483,16311.6,13192.8,9315,8611.2,4912.8,3808.8,4043.4,2608.2,2718.6
Fine Tuning Google Gemma: Enhancing LLMs with Customized Instructions,tutorials,/tutorial/fine-tuning-google-gemma,Artificial Intelligence,[],2024-03-21,2024-03,2024,,,,0,0,5699.4,15939,8638.8,5809.8,4940.4,3919.2,3836.4,3325.8,2249.4,1242
A Beginner’s Guide to Data Cleaning in Python,tutorials,/tutorial/guide-to-data-cleaning-in-python,Python,[],2024-03-15,2024-03,2024,2024-12-17,December,2024,0,0,1173,6624,9715.2,10557,14655.6,17940,19941,21127.8,17263.8,14655.6
PostgresML Tutorial: Doing Machine Learning With SQL,tutorials,/tutorial/postgresml-tutorial-machine-learning-with-sql,Artificial Intelligence,['SQL'],2024-03-27,2024-03,2024,,,,0,0,289.8,2925.6,4015.8,3643.2,4471.2,3394.8,3891.6,3215.4,2097.6,2980.8
"AWS Cloud Practitioner Salaries Explained: Skills, Demand, and Career Growth",blogs,/blog/aws-cloud-practitioner-salaries,Cloud,[],2024-03-21,2024-03,2024,,,,0,0,317.4,1338.6,2484,2470.2,1959.6,1918.2,1338.6,1062.6,841.8,966
Digital Upskilling Strategies for Transformative Success,blogs,/blog/digital-upskilling-strategies-for-transformative-success,Data Literacy,['Data Science'],2024-03-07,2024-03,2024,,,,0,0,248.4,897,703.8,662.4,676.2,193.2,289.8,372.6,552,124.2
Apache Kafka for Beginners: A Comprehensive Guide,tutorials,/tutorial/apache-kafka-for-beginners-a-comprehensive-guide,Data Engineering,[],2024-03-13,2024-03,2024,,,,0,0,1421.4,5961.6,12834,14407.2,14393.4,19002.6,21100.2,24053.4,20437.8,18643.8
Hugging Face Image Classification: A Comprehensive Guide With Examples,tutorials,/tutorial/hugging-face-image-classification-guide,Artificial Intelligence,[],2024-03-18,2024-03,2024,,,,0,0,510.6,2235.6,2497.8,2139,2263.2,2332.2,1849.2,1587,1573.2,1490.4
Power BI Slicer Tutorial: A Comprehensive Guide to Enhancing Your Reports,tutorials,/tutorial/power-bi-slicer-tutorial,Power BI,[],2024-03-27,2024-03,2024,,,,0,0,82.8,3284.4,8266.2,8956.2,8942.4,9936,9880.8,12185.4,7534.8,6444.6
14 Essential Data Engineering Tools to Use in 2024,blogs,/blog/top-data-engineer-tools,Data Engineering,[],2024-03-08,2024-03,2024,,,,0,0,2691,10363.8,11881.8,11812.8,10777.8,9066.6,9232.2,9094.2,8211,6665.4
Introduction to ChatGPT Next Web (NextChat),tutorials,/tutorial/introduction-to-chatgpt-next-web-nextchat,Artificial Intelligence,[],2024-03-26,2024-03,2024,,,,0,0,110.4,1449,1173,1242,1242,1076.4,1062.6,1117.8,1393.8,1007.4
Hugging Face's Text Generation Inference Toolkit for LLMs - A Game Changer in AI,tutorials,/tutorial/hugging-faces-text-generation-inference-toolkit-for-llms,Artificial Intelligence,[],2024-03-14,2024-03,2024,,,,0,0,3905.4,8073,5437.2,3601.8,3822.6,2994.6,2290.8,2180.4,1656,1614.6
Using Snowflake Time Travel: A Comprehensive Guide,tutorials,/tutorial/using-snowflake-time-travel-a-comprehensive-guide,Data Engineering,[],2024-03-19,2024-03,2024,,,,0,0,400.2,3491.4,8763,8114.4,8611.2,7893.6,7107,6775.8,6113.4,5078.4
The 12 Best AI Coding Assistants in 2024,blogs,/blog/best-ai-coding-assistants,Artificial Intelligence,[],2024-03-01,2024-03,2024,2024-07-17,July,2024,0,0,18726.6,53516.4,26951.4,13220.4,12309.6,15428.4,19678.8,25930.2,31891.8,39302.4
An Introduction to the Mamba LLM Architecture: A New Paradigm in Machine Learning,tutorials,/tutorial/introduction-to-the-mamba-llm-architecture,Machine Learning,['Artificial Intelligence'],2024-03-07,2024-03,2024,,,,0,0,18091.8,34224,28510.8,20658.6,20355,18671.4,14365.8,13455,9604.8,9480.6
Exploring Text-Embedding-3-Large: A Comprehensive Guide to the new OpenAI Embeddings,tutorials,/tutorial/exploring-text-embedding-3-large-new-openai-embeddings,Artificial Intelligence,[],2024-03-15,2024-03,2024,,,,0,0,7065.6,20617.2,25102.2,22038.6,23184,19223.4,18105.6,17677.8,16021.8,15262.8
How to Check if a File Exists in Python,tutorials,/tutorial/how-to-check-if-a-file-exists-in-python,Python,[],2024-04-11,2024-04,2024,,,,0,0,0,579.6,5326.8,12778.8,14821.2,24191.4,22728.6,19402.8,12613.2,9190.8
How to Calculate Confidence Intervals in Excel,tutorials,/tutorial/how-to-calculate-confidence-intervals-in-excel,Spreadsheets,[],2024-04-26,2024-04,2024,,,,0,0,0,1380,27034.2,31643.4,36045.6,32719.8,42849,55186.2,43138.8,25888.8
Introducing DataLab,blogs,/blog/datacamp-is-launching-datalab,DataLab,['Data Analysis'],2024-04-22,2024-04,2024,,,,0,0,0,4002,2401.2,1435.2,1145.4,910.8,1035,938.4,841.8,579.6
What is Llama 3? The Experts' View on The Next Generation of Open Source LLMs,blogs,/blog/meta-announces-llama-3-the-next-generation-of-open-source-llms,Artificial Intelligence,[],2024-04-19,2024-04,2024,,,,0,0,0,5023.2,8142,3408.6,3312,2318.4,2001,1656,1035,1159.2
LOD Expressions in Tableau: A Tutorial With Examples,tutorials,/tutorial/lod-expressions-in-tableau-a-tutorial-with-examples,Tableau,['Data Analysis'],2024-04-05,2024-04,2024,,,,0,0,0,1145.4,5078.4,9080.4,12019.8,16187.4,16146,15759.6,14531.4,11840.4
A Guide to Corporate Data Analytics Training,blogs,/blog/corporate-data-analytics-training,Data Analysis,['Career Services'],2024-04-29,2024-04,2024,,,,0,0,0,13.8,952.2,386.4,207,317.4,496.8,427.8,358.8,427.8
How to Convert a List to a String in Python,tutorials,/tutorial/how-to-convert-a-list-to-a-string-in-python,Python,[],2024-04-12,2024-04,2024,,,,0,0,0,552,6499.8,12930.6,15994.2,26730.6,27779.4,33258,21969.6,13427.4
How to Create a Waterfall Chart in Tableau,tutorials,/tutorial/how-to-create-a-waterfall-chart-in-tableau,Business Intelligence,['Tableau'],2024-04-26,2024-04,2024,,,,0,0,0,165.6,1131.6,1545.6,2525.4,2525.4,2746.2,4871.4,4664.4,3988.2
The Top 20 Deep Learning Interview Questions and Answers,blogs,/blog/the-top-20-deep-learning-interview-questions-and-answers,Deep Learning,[],2024-04-11,2024-04,2024,,,,0,0,0,3988.2,12737.4,14448.6,9646.2,8887.2,6596.4,7217.4,6003,6127.2
Writing Custom Context Managers in Python,tutorials,/tutorial/writing-custom-context-managers-in-python,Python,[],2024-04-12,2024-04,2024,,,,0,0,0,690,4554,5561.4,7010.4,8280,8183.4,10074,6568.8,5147.4
How to Improve RAG Performance: 5 Key Techniques with Examples,tutorials,/tutorial/how-to-improve-rag-performance-5-key-techniques-with-examples,Artificial Intelligence,[],2024-04-12,2024-04,2024,,,,0,0,0,9315,28814.4,31063.8,38019,31712.4,28414.2,24550.2,20451.6,16656.6
Serving an LLM Application as an API Endpoint using FastAPI in Python,tutorials,/tutorial/serving-an-llm-application-as-an-api-endpoint-using-fastapi-in-python,Artificial Intelligence,[],2024-04-12,2024-04,2024,,,,0,0,0,7396.8,14172.6,13317,13565.4,10074,8832,7838.4,7038,7590
An Introduction to Vector Databases For Machine Learning: A Hands-On Guide With Examples,tutorials,/tutorial/introduction-to-vector-databases-for-machine-learning,Machine Learning,[],2024-04-26,2024-04,2024,,,,0,0,0,345,2539.2,2746.2,2511.6,2939.4,2732.4,2553,2898,2304.6
How to Transpose a Matrix in R: A Quick Tutorial,tutorials,/tutorial/how-to-transpose-a-matrix-in-r-a-quick-tutorial,R,[],2024-04-12,2024-04,2024,,,,0,0,0,2373.6,6858.6,9080.4,12489,14876.4,20713.8,17691.6,9604.8,6430.8
Exploring Matplotlib Inline: A Quick Tutorial,tutorials,/tutorial/exploring-matplotlib-inline-a-quick-tutorial,Python,[],2024-04-05,2024-04,2024,,,,0,0,0,841.8,2359.8,3463.8,3974.4,4843.8,5202.6,4995.6,4333.2,3657
A Comprehensive Tutorial on Optical Character Recognition (OCR) in Python With Pytesseract,tutorials,/tutorial/optical-character-recognition-ocr-in-python-with-pytesseract,Python,['Machine Learning'],2024-04-23,2024-04,2024,,,,0,0,0,441.6,15111,13882.8,12502.8,14835,15952.8,15221.4,14186.4,10432.8
How to Convert a String Into an Integer in Python,tutorials,/tutorial/how-to-convert-a-string-into-an-integer-in-python,Python,['Python'],2024-04-05,2024-04,2024,2024-11-24,November,2024,0,0,0,1421.4,16560,35231.4,47292.6,61686,64818.6,54027,20617.2,20010
How to Use the XLOOKUP Excel Function with Multiple Criteria,tutorials,/tutorial/how-to-use-the-xlookup-excel-function-with-multiple-criteria,Spreadsheets,[],2024-04-12,2024-04,2024,,,,0,0,0,2925.6,13758.6,17236.2,24812.4,56800.8,72670.8,91176.6,74257.8,58222.2
Complete Databricks Dolly Tutorial for Building Applications,tutorials,/tutorial/complete-databricks-dolly-tutorial,Data Engineering,[],2024-05-10,2024-05,2024,,,,0,0,0,0,579.6,1076.4,869.4,621,759,786.6,731.4,358.8
Batch Normalization: Theory and TensorFlow Implementation,tutorials,/tutorial/batch-normalization-tensorflow,Artificial Intelligence,['Python'],2024-05-20,2024-05,2024,,,,0,0,0,0,538.2,3629.4,3698.4,5147.4,5837.4,7990.2,8183.4,7645.2
Understanding Prompt Tuning: Enhance Your Language Models with Precision,tutorials,/tutorial/understanding-prompt-tuning,Artificial Intelligence,[],2024-05-19,2024-05,2024,,,,0,0,0,0,5423.4,14986.8,20134.2,16780.8,15607.8,18436.8,15111,12171.6
Databricks DBRX Tutorial: A Step-by-Step Guide,tutorials,/tutorial/databricks-dbrx-tutorial-a-step-by-step-guide,Artificial Intelligence,[],2024-05-09,2024-05,2024,,,,0,0,0,0,2056.2,3753.6,2911.8,2139,1780.2,2152.8,1628.4,924.6
Celebrating the Winning Groups of our DataCamp Donates Challenge,blogs,/blog/celebrating-the-winning-groups-of-our-datacamp-donates-challenge,DataCamp Donates,[],2024-05-09,2024-05,2024,,,,0,0,0,0,110.4,151.8,0,13.8,41.4,27.6,96.6,27.6
What is an IDE? A Guide For Aspiring Data Scientists and Developers,tutorials,/tutorial/what-is-an-ide,Data Analysis,['Data Science'],2024-05-15,2024-05,2024,,,,0,0,0,0,510.6,1090.2,800.4,1587,1007.4,952.2,703.8,731.4
Vertex AI Tutorial: A Comprehensive Guide For Beginners,tutorials,/tutorial/vertex-ai-tutorial,Artificial Intelligence,[],2024-05-17,2024-05,2024,,,,0,0,0,0,3298.2,6886.2,8362.8,10405.2,8155.8,9411.6,8901,6265.2
Snscrape Tutorial: How to Scrape Social Media with Python,tutorials,/tutorial/snscrape-tutorial-web-scraping,Data Science,['Python'],2024-05-07,2024-05,2024,,,,0,0,0,0,4250.4,6099.6,5809.8,8528.4,7935,9853.2,9894.6,8142
Power BI vs Alteryx: Which Should You Use?,blogs,/blog/power-bi-vs-alteryx-a-detailed-comparison,Business Intelligence,['Data Engineering'],2024-05-31,2024-05,2024,,,,0,0,0,0,41.4,2221.8,3836.4,3850.2,3519,3836.4,2428.8,1987.2
What is Few-Shot Learning? Unlocking Insights with Limited Data,blogs,/blog/what-is-few-shot-learning,Machine Learning,[],2024-05-19,2024-05,2024,,,,0,0,0,0,372.6,1117.8,979.8,1283.4,910.8,1766.4,1835.4,1932
Reinforcement Learning: An Introduction With Python Examples,tutorials,/tutorial/reinforcement-learning-python-introduction,Artificial Intelligence,['Machine Learning'],2024-05-02,2024-05,2024,,,,0,0,0,0,3946.8,11150.4,11316,15607.8,17443.2,22687.2,19775.4,16077
How to Use the Stable Diffusion 3 API,tutorials,/tutorial/how-to-use-stable-diffusion-3-api,Artificial Intelligence,[],2024-05-13,2024-05,2024,,,,0,0,0,0,4981.8,7396.8,3422.4,2649.6,2001,2070,1311,1435.2
Normalization in SQL (1NF - 5NF): A Beginner’s Guide,tutorials,/tutorial/normalization-in-sql,SQL,['Data Analysis'],2024-05-28,2024-05,2024,,,,0,0,0,0,151.8,11647.2,21417.6,38709,58429.2,72325.8,55213.8,44229
Power BI Matrix: A Comprehensive Guide,tutorials,/tutorial/power-bi-matrix-a-comprehensive-guide,Power BI,['Business Intelligence'],2024-05-02,2024-05,2024,,,,0,0,0,0,3974.4,8790.6,11122.8,15511.2,17443.2,18243.6,13965.6,11136.6
Snowflake Arctic Tutorial: Getting Started With Snowflake's LLM,tutorials,/tutorial/snowflake-arctic-tutorial,Artificial Intelligence,['Python'],2024-05-27,2024-05,2024,,,,0,0,0,0,648.6,2111.4,2428.8,1186.8,869.4,759,759,883.2
Top 10 Deep Learning Conferences For 2024,blogs,/blog/top-deep-learning-conferences,Deep Learning,['Career Services'],2024-05-21,2024-05,2024,,,,0,0,0,0,552,1435.2,759,1531.8,1435.2,1035,897,455.4
Troubleshooting the No module named 'sklearn' Error Message in Python,tutorials,/tutorial/troubleshooting-the-no-module-named-sklearn-error-message-in-python,Python,['Data Analysis'],2024-05-10,2024-05,2024,,,,0,0,0,0,6541.2,8500.8,11329.8,15414.6,18326.4,20327.4,14614.2,11785.2
How to Use GitHub Copilot: Use Cases and Best Practices,tutorials,/tutorial/github-copilot-a-complete-guide-for-beginners,Python,['Artificial Intelligence'],2024-05-23,2024-05,2024,,,,0,0,0,0,469.2,3657,2898,5920.2,10584.6,8073,6168.6,5092.2
Set Operators in SQL: A Comprehensive Guide,tutorials,/tutorial/set-operators-sql-introduction,SQL,['Data Analysis'],2024-05-23,2024-05,2024,,,,0,0,0,0,1159.2,5368.2,11909.4,16932.6,23349.6,21610.8,18933.6,13013.4
How to Save a Pandas DataFrame to CSV,tutorials,/tutorial/save-as-csv-pandas-dataframe,Data Analysis,['Data Science'],2024-06-26,2024-06,2024,,,,0,0,0,0,0,289.8,10115.4,42379.8,44353.2,43483.8,30015,22397.4
"Top 5 Machine Learning Bootcamps For 2024: Options, Costs, and Alternatives",blogs,/blog/top-machine-learning-bootcamps,Machine Learning,['Career Services'],2024-06-20,2024-06,2024,,,,0,0,0,0,0,400.2,1338.6,4595.4,6237.6,8431.8,7396.8,6182.4
Pandas Reset Index Tutorial,tutorials,/tutorial/pandas-reset-index-tutorial,Python,[],2024-06-27,2024-06,2024,,,,0,0,0,0,0,69,869.4,3836.4,6969,10888.2,9563.4,5561.4
Data Types in Excel and Their Uses: A Complete Guide,tutorials,/tutorial/data-types-in-excel,Excel,['Data Analysis'],2024-06-21,2024-06,2024,,,,0,0,0,0,0,455.4,2042.4,12019.8,16477.2,19458,17898.6,15069.6
How to Get the Current Directory in Python,tutorials,/tutorial/python-get-the-current-directory,Python,['Python'],2024-06-24,2024-06,2024,,,,0,0,0,0,0,234.6,6292.8,18768,22080,21390,13896.6,13289.4
How to Use SQL MINUS,tutorials,/tutorial/sql-minus,SQL,['Data Analysis'],2024-06-28,2024-06,2024,,,,0,0,0,0,0,82.8,1766.4,11550.6,18726.6,22977,20631,18726.6
Private Cloud vs. Public Cloud: Which One to Choose?,blogs,/blog/public-private-cloud-difference,Data Engineering,['Big Data'],2024-06-13,2024-06,2024,,,,0,0,0,0,0,151.8,455.4,455.4,979.8,869.4,593.4,607.2
A Comprehensive Guide to K-Fold Cross Validation,tutorials,/tutorial/k-fold-cross-validation,Python,['Data Science'],2024-06-21,2024-06,2024,,,,0,0,0,0,0,1035,3463.8,13317,20217,35328,32236.8,24191.4
What Is One Hot Encoding and How to Implement It in Python,tutorials,/tutorial/one-hot-encoding-python-tutorial,Artificial Intelligence,['Data Science'],2024-06-26,2024-06,2024,,,,0,0,0,0,0,220.8,2566.8,16021.8,23694.6,34638,26703,21417.6
The Complete Guide to Machine Learning on AWS with Amazon SageMaker,tutorials,/tutorial/aws-sagemaker-tutorial,AWS,['Machine Learning'],2024-06-19,2024-06,2024,,,,0,0,0,0,0,786.6,4071,9232.2,11150.4,15235.2,13330.8,12171.6
Python timedelta: Working With Time Intervals in Python,tutorials,/tutorial/timedelta-python-time-intervals,Python,['Data Analysis'],2024-06-02,2024-06,2024,,,,0,0,0,0,0,4264.2,6292.8,14434.8,16394.4,20824.2,15966.6,13455
A Complete Guide to DataWarehousing on AWS with Redshift,tutorials,/tutorial/guide-to-data-warehousing-on-aws-with-redshift,AWS,['Data Engineering'],2024-06-13,2024-06,2024,,,,0,0,0,0,0,386.4,1366.2,2497.8,3519,4319.4,5437.2,4581.6
Mastering SQL Date Comparisons: How to Query for Dates Greater Than a Specific Date,tutorials,/tutorial/sql-date-greater-than,SQL,['Data Analysis'],2024-06-28,2024-06,2024,,,,0,0,0,0,0,1283.4,44712,98863.2,121177.8,143257.8,101278.2,83186.4
"What is Runway Gen-3 Alpha? How it Works, Use Cases, Alternatives & More",blogs,/blog/what-is-runway-gen-3,Artificial Intelligence,[],2024-06-24,2024-06,2024,2024-07-02,July,2024,0,0,0,0,0,8721.6,17719.2,13096.2,10322.4,7714.2,5368.2,3091.2
Top 13 AWS Projects: From Beginner to Pro,blogs,/blog/top-aws-projects,AWS,[],2024-06-19,2024-06,2024,,,,0,0,0,0,0,869.4,5920.2,14835,25198.8,36763.2,34058.4,25433.4
A Comprehensive Guide to Using ANOVA in Excel,tutorials,/tutorial/excel-anova-guide,Excel,['Data Analysis'],2024-06-07,2024-06,2024,,,,0,0,0,0,0,1380,2539.2,7300.2,12364.8,21804,24522.6,20217
Top 30 PySpark Interview Questions and Answers for 2024,blogs,/blog/pyspark-interview-questions,Big Data,['Python'],2024-06-19,2024-06,2024,,,,0,0,0,0,0,12309.6,69579.6,138593.4,144127.2,129099,112332,99567
Top 10 AI Programming Languages: A Beginner's Guide to Getting Started,blogs,/blog/ai-programming-languages,Artificial Intelligence,['Artificial Intelligence'],2024-06-26,2024-06,2024,,,,0,0,0,0,0,96.6,2263.2,6665.4,13510.2,24495,21265.8,19609.8
Kafka vs SQS: Event Streaming Tools In-Depth Comparison,blogs,/blog/kafka-vs-sqs,Data Engineering,['Python'],2024-06-30,2024-06,2024,,,,0,0,0,0,0,0,1863,7548.6,7962.6,9052.8,7562.4,6403.2
ROW_NUMBER SQL Function: How to Display Row Numbers,tutorials,/tutorial/row-number-sql,SQL,['Data Analysis'],2024-06-12,2024-06,2024,,,,0,0,0,0,0,234.6,441.6,2553,6292.8,14628,14158.8,11371.2
Data Structures: A Comprehensive Guide With Python Examples,tutorials,/tutorial/data-structures-guide-python,Data Literacy,['Python'],2024-06-06,2024-06,2024,,,,0,0,0,0,0,1283.4,1421.4,2580.6,3477.6,4954.2,5340.6,4554
PySpark: How to Drop a Column From a DataFrame,tutorials,/tutorial/pyspark-drop-column,Big Data,['Python'],2024-06-16,2024-06,2024,,,,0,0,0,0,0,4002,11812.8,18009,17153.4,20203.2,13744.8,11661
How to Split Lists in Python: Basic Examples and Advanced Methods,tutorials,/tutorial/python-split-list,Python,['Data Analysis'],2024-06-21,2024-06,2024,,,,0,0,0,0,0,5520,27255,59257.2,73885.2,90141.6,60775.2,43635.6
How to Fix the Non-Numeric Argument to Binary Operator Error in R,tutorials,/tutorial/error-fix-non-numeric-argument-to-binary-operator-in-r,R,['Data Analysis'],2024-06-07,2024-06,2024,,,,0,0,0,0,0,2842.8,4968,13482.6,21541.8,26979,18257.4,11081.4
What Is a Data Mesh?,blogs,/blog/data-mesh,Data Science,['Data Literacy'],2024-06-30,2024-06,2024,,,,0,0,0,0,0,0,441.6,897,690,841.8,841.8,731.4
How to Convert Bytes to String in Python,tutorials,/tutorial/bytes-to-string-python,Python,['Python'],2024-06-12,2024-06,2024,,,,0,0,0,0,0,1987.2,5589,10833,12696,14200.2,10267.2,6982.8
What is Master Data Management? Everything Data Professionals Need to Know,blogs,/blog/what-is-master-data-management-everything-you-need-to-know,Data Analysis,['Career Services'],2024-06-07,2024-06,2024,,,,0,0,0,0,0,1421.4,3491.4,6872.4,5533.8,5009.4,3519,2387.4
Integrity Constraints in SQL: A Guide With Examples,tutorials,/tutorial/integrity-constraints-sql,SQL,['Data Science'],2024-06-19,2024-06,2024,,,,0,0,0,0,0,400.2,2028.6,5409.6,10501.8,11771.4,10322.4,5340.6
How to Create Data Models in Excel: A Comprehensive Guide,tutorials,/tutorial/excel-data-model,Excel,['Data Analysis'],2024-07-05,2024-07,2024,,,,0,0,0,0,0,0,1821.6,5589,7921.2,10888.2,9149.4,7286.4
PyTorch Lightning: A Comprehensive Hands-On Tutorial,tutorials,/tutorial/pytorch-lightning-tutorial,Deep Learning,['Python'],2024-07-14,2024-07,2024,,,,0,0,0,0,0,0,1835.4,4954.2,5644.2,6665.4,5133.6,3036
Reskilling and Upskilling in the Age of AI: Challenges and Opportunities For Organizations,blogs,/blog/reskilling-and-upskilling-in-the-age-of-ai,Data Literacy,['For Business'],2024-07-25,2024-07,2024,,,,0,0,0,0,0,0,248.4,648.6,1421.4,2235.6,1752.6,1407.6
"What Is GPT-4o Mini? How It Works, Use Cases, API & More",blogs,/blog/gpt-4o-mini,Artificial Intelligence,['Artificial Intelligence'],2024-07-21,2024-07,2024,,,,0,0,0,0,0,0,2870.4,10515.6,13096.2,11550.6,7548.6,5437.2
How to Write Memory-Efficient Classes in Python,tutorials,/tutorial/write-memory-efficient-classes-in-python,Data Science,['Python'],2024-07-04,2024-07,2024,,,,0,0,0,0,0,0,469.2,2566.8,3105,3036,2097.6,1959.6
How to Best Use the SQL LIMIT Clause,tutorials,/tutorial/sql-limit,SQL,['Data Analysis'],2024-07-05,2024-07,2024,,,,0,0,0,0,0,0,966,7134.6,12530.4,18768,18892.2,15331.8
How to Use the Python pop() Method,tutorials,/tutorial/python-pop,Python,['Data Analysis'],2024-07-31,2024-07,2024,,,,0,0,0,0,0,0,55.2,2953.2,6706.8,12558,11371.2,10764
A Comprehensive Guide to Using Azure Spot Instances for Cost Reduction,blogs,/blog/azure-spot-instances,Data Engineering,"['Big Data', 'Cloud']",2024-07-12,2024-07,2024,,,,0,0,0,0,0,0,179.4,800.4,1228.2,1393.8,1062.6,855.6
UNION vs UNION ALL in SQL,tutorials,/tutorial/sql-union-union-all,SQL,['Data Analysis'],2024-07-19,2024-07,2024,,,,0,0,0,0,0,0,179.4,3781.2,13110,28193.4,19913.4,19278.6
SQL SUM() Function Explained,tutorials,/tutorial/sql-sum,SQL,['Data Analysis'],2024-07-25,2024-07,2024,2024-08-15,August,2024,0,0,0,0,0,0,124.2,317.4,607.2,1380,2111.4,3367.2
What Is Adversarial Machine Learning? Types of Attacks & Defenses,blogs,/blog/adversarial-machine-learning,Artificial Intelligence,['Artificial Intelligence'],2024-07-24,2024-07,2024,,,,0,0,0,0,0,0,124.2,593.4,1435.2,3670.8,3146.4,3146.4
Getting Started with Azure Monitor: Key Features and Best Practices,tutorials,/tutorial/getting-started-with-azure-monitor,Data Engineering,[],2024-07-02,2024-07,2024,,,,0,0,0,0,0,0,372.6,1311,910.8,1076.4,869.4,414
Top 5 Airflow Alternatives for Data Orchestration (Code Examples Included),blogs,/blog/airflow-alternatives,Data Engineering,['Data Science'],2024-07-14,2024-07,2024,,,,0,0,0,0,0,0,8390.4,9604.8,11592,15042,11205.6,11674.8
"What Is PostgreSQL? How It Works, Use Cases, and Resources",blogs,/blog/what-is-postgresql-introduction,Data Science,['Data Engineering'],2024-07-03,2024-07,2024,,,,0,0,0,0,0,0,262.2,1200.6,3477.6,3795,4029.6,3022.2
Building User Interfaces For AI Applications with Gradio in Python,tutorials,/tutorial/gradio-python-tutorial,Artificial Intelligence,['Python'],2024-07-15,2024-07,2024,,,,0,0,0,0,0,0,1435.2,4705.8,5478.6,6872.4,6900,6003
How to Use the SQL EXISTS() Operator,tutorials,/tutorial/sql-exists,SQL,['Data Analysis'],2024-07-08,2024-07,2024,,,,0,0,0,0,0,0,345,2097.6,5354.4,9190.8,9701.4,8086.8
How to Use SQL PIVOT,tutorials,/tutorial/sql-pivot,SQL,['Data Analysis'],2024-07-26,2024-07,2024,,,,0,0,0,0,0,0,469.2,6555,22576.8,62583,61009.8,57904.8
Conditional Formatting in Excel: A Beginner’s Guide,tutorials,/tutorial/conditional-formatting-in-excel,Spreadsheets,['Data Analysis'],2024-07-08,2024-07,2024,,,,0,0,0,0,0,0,386.4,1780.2,3243,7134.6,6361.8,6886.2
How to Use the Python pass Statement,tutorials,/tutorial/python-pass,Python,['Data Analysis'],2024-07-11,2024-07,2024,,,,0,0,0,0,0,0,469.2,2373.6,3118.8,5230.2,3808.8,2649.6
What is a Frequency Histogram? A Comprehensive Guide For Beginners,blogs,/blog/frequency-histograms,Data Analysis,['Data Science'],2024-07-01,2024-07,2024,,,,0,0,0,0,0,0,759,2056.2,6127.2,20079,21362.4,8100.6
How to Use the SQL BETWEEN Operator,tutorials,/tutorial/sql-between,SQL,['Data Analysis'],2024-07-05,2024-07,2024,,,,0,0,0,0,0,0,262.2,1794,4140,7810.8,6568.8,5175
What Is Faiss (Facebook AI Similarity Search)?,blogs,/blog/faiss-facebook-ai-similarity-search,Artificial Intelligence,['Artificial Intelligence'],2024-07-03,2024-07,2024,,,,0,0,0,0,0,0,1669.8,4305.6,4443.6,5699.4,5230.2,5478.6
What is Serverless Computing?,blogs,/blog/serverless-computing,Data Engineering,['Big Data'],2024-07-13,2024-07,2024,,,,0,0,0,0,0,0,331.2,552,1062.6,690,800.4,538.2
Big O Notation and Time Complexity Guide: Intuition and Math,tutorials,/tutorial/big-o-notation-time-complexity,Data Science,['Data Literacy'],2024-07-08,2024-07,2024,,,,0,0,0,0,0,0,621,3905.4,10584.6,13468.8,12737.4,9549.6
Python Boxplots: A Comprehensive Guide for Beginners,tutorials,/tutorial/python-boxplots,Data Visualization,['Python'],2024-07-17,2024-07,2024,,,,0,0,0,0,0,0,1186.8,12489,27144.6,36583.8,30360,22852.8
RAG vs Fine-Tuning: A Comprehensive Tutorial with Practical Examples,tutorials,/tutorial/rag-vs-fine-tuning,Artificial Intelligence,[],2024-07-14,2024-07,2024,,,,0,0,0,0,0,0,2056.2,7355.4,7107,6210,6417,4112.4
Hypothesis Testing Made Easy,tutorials,/tutorial/hypothesis-testing,Data Analysis,['Data Science'],2024-08-15,2024-08,2024,,,,0,0,0,0,0,0,0,483,1021.2,3519,8100.6,8445.6
Understanding the SQL DECODE() Function,tutorials,/tutorial/sql-decode,SQL,['Data Analysis'],2024-08-06,2024-08,2024,,,,0,0,0,0,0,0,0,3643.2,14227.8,27889.8,31905.6,30277.2
"AI in Pharmaceuticals: Benefits, Challenges, and Insights",blogs,/blog/ai-in-pharmaceuticals,Artificial Intelligence,"['AI for Business', 'Cloud']",2024-08-27,2024-08,2024,,,,0,0,0,0,0,0,0,193.2,1738.8,9494.4,14697,8445.6
Data Science in Healthcare: Revolutionizing Patient Care and Operational Efficiency,blogs,/blog/data-science-in-healthcare,Data Science,['For Business'],2024-08-05,2024-08,2024,,,,0,0,0,0,0,0,0,565.8,993.6,1117.8,1435.2,1600.8
"Optimization in Python: Techniques, Packages, and Best Practices",tutorials,/tutorial/optimization-in-python,Python,['Machine Learning'],2024-08-31,2024-08,2024,,,,0,0,0,0,0,0,0,0,5685.6,17346.6,19320,15262.8
Getting Started With Codestral Mamba: Setup & Applications,tutorials,/tutorial/codestral-mamba,Artificial Intelligence,['Artificial Intelligence'],2024-08-06,2024-08,2024,,,,0,0,0,0,0,0,0,786.6,662.4,400.2,427.8,262.2
Python New Line: Methods for Code Formatting,tutorials,/tutorial/python-new-line,Python,['Data Analysis'],2024-08-14,2024-08,2024,,,,0,0,0,0,0,0,0,1131.6,13675.8,55627.8,59767.8,52964.4
"LLM Evaluation: Metrics, Methodologies, Best Practices",blogs,/blog/llm-evaluation,Artificial Intelligence,['Artificial Intelligence'],2024-08-06,2024-08,2024,,,,0,0,0,0,0,0,0,1904.4,6651.6,12916.8,17829.6,15856.2
Python Dictionary Append: How to Add Key-Value Pairs,tutorials,/tutorial/python-dictionary-append,Python,['Data Analysis'],2024-08-06,2024-08,2024,,,,0,0,0,0,0,0,0,6113.4,23708.4,46726.8,39661.2,29752.8
Tableau Count Distinct: Simple Steps to Follow,tutorials,/tutorial/tableau-count-distinct,Tableau,['Data Analysis'],2024-08-14,2024-08,2024,,,,0,0,0,0,0,0,0,234.6,1380,2249.4,2359.8,2277
What is Data Privacy? Why It's Essential for Individuals and Organizations,blogs,/blog/what-is-data-privacy,For Business,"['Data Governance', 'Data Literacy']",2024-08-26,2024-08,2024,,,,0,0,0,0,0,0,0,55.2,772.8,1297.2,2428.8,2304.6
"Apple's DCLM-7B: Setup, Example Usage, Fine-Tuning",tutorials,/tutorial/apple-dclm-7b,Artificial Intelligence,['Large Language Models'],2024-08-12,2024-08,2024,,,,0,0,0,0,0,0,0,538.2,496.8,441.6,234.6,358.8
What Are Data Contracts? A Beginner Guide with Examples,blogs,/blog/data-contracts,Data Engineering,['Data Engineering'],2024-08-26,2024-08,2024,,,,0,0,0,0,0,0,0,110.4,1600.8,4443.6,4540.2,4347
Top 7 AI Video Generators for 2024 With Example Videos,blogs,/blog/top-ai-video-generators,Artificial Intelligence,['Generative AI'],2024-08-11,2024-08,2024,,,,0,0,0,0,0,0,0,20368.8,17457,24467.4,21638.4,14393.4
How to Do a VLOOKUP() with Multiple Criteria,tutorials,/tutorial/vlookup-with-multiple-criteria,Excel,['Data Analysis'],2024-08-07,2024-08,2024,,,,0,0,0,0,0,0,41.4,1614.6,10281,62665.8,99774,116582.4
Grafana Tutorial: A Beginner’s Guide to Monitoring Machine Learning Models,tutorials,/tutorial/grafana-tutorial-monitoring-machine-learning-models,Machine Learning,[],2024-08-01,2024-08,2024,,,,0,0,0,0,0,0,0,1131.6,1725,2967,2911.8,2608.2
Clustered Column Charts in Excel: How to Create and Customize Them,tutorials,/tutorial/clustered-column-chart-in-excel,Data Visualization,['Data Analysis'],2024-08-07,2024-08,2024,,,,0,0,0,0,0,0,0,979.8,6251.4,19223.4,24439.8,19430.4
QR Decomposition in Machine Learning: A Detailed Guide,tutorials,/tutorial/qr-decomposition,Data Science,['R'],2024-08-09,2024-08,2024,,,,0,0,0,0,0,0,0,952.2,2760,5644.2,5768.4,3477.6
XLOOKUP() vs. VLOOKUP(): A Comparison for Excel Users,tutorials,/tutorial/xlookup-vs-vlookup,Excel,['Data Analysis'],2024-08-27,2024-08,2024,,,,0,0,0,0,0,0,0,96.6,993.6,1283.4,3367.2,6016.8
Data Science ROI: How to Calculate and Maximize It,blogs,/blog/data-science-roi,Data Science,['Data Science'],2024-08-25,2024-08,2024,,,,0,0,0,0,0,0,0,179.4,924.6,2028.6,1835.4,979.8
Excel Substring Techniques: Extract and Format Text,tutorials,/tutorial/excel-substring,Excel,['Data Analysis'],2024-08-29,2024-08,2024,,,,0,0,0,0,0,0,0,165.6,703.8,4140,15690.6,37315.2
30 Azure Interview Questions: From Basic to Advanced,blogs,/blog/azure-interview-questions,Azure,"['Data Engineering', 'Cloud']",2024-08-15,2024-08,2024,,,,0,0,0,0,0,0,0,1311,8017.8,41579.4,65867.4,57173.4
"AI in Healthcare: Enhancing Diagnostics, Personalizing Treatment, and Streamlining Operations",blogs,/blog/ai-in-healthcare,Artificial Intelligence,[],2024-08-04,2024-08,2024,,,,0,0,0,0,0,0,0,441.6,469.2,924.6,731.4,869.4
Tiktoken Tutorial: OpenAI's Python Library for Tokenizing Text,tutorials,/tutorial/tiktoken-library-python,Artificial Intelligence,['Artificial Intelligence'],2024-08-07,2024-08,2024,,,,0,0,0,0,0,0,0,3532.8,7148.4,9701.4,10626,8859.6
Python's Walrus Operator: The Assignment Expression (Tutorial),tutorials,/tutorial/python-walrus-operator,Python,['Python'],2024-08-28,2024-08,2024,,,,0,0,0,0,0,0,0,27.6,676.2,1573.2,2208,2346
Azure Storage Accounts: Step-by-Step Tutorial for Beginners,tutorials,/tutorial/azure-storage-accounts,Azure,['Azure'],2024-08-20,2024-08,2024,,,,0,0,0,0,0,0,0,138,1297.2,1449,1117.8,966
"What Is Edge AI? How It Works, Applications, Challenges",blogs,/blog/edge-ai,Artificial Intelligence,['Artificial Intelligence'],2024-08-06,2024-08,2024,,,,0,0,0,0,0,0,0,579.6,1421.4,2056.2,4540.2,7493.4
"AI in Education: Benefits, Challenges, and Ethical Considerations",blogs,/blog/ai-in-education,Artificial Intelligence,['Generative AI'],2024-08-12,2024-08,2024,,,,0,0,0,0,0,0,0,538.2,2760,12254.4,14048.4,9756.6
Python Garbage Collection: Key Concepts and Mechanisms,tutorials,/tutorial/python-garbage-collection,Python,['Data Science'],2024-09-14,2024-09,2024,,,,0,0,0,0,0,0,0,0,662.4,5699.4,8376.6,7603.8
LLM OS Guide: Understanding AI Operating Systems,blogs,/blog/llm-os,Artificial Intelligence,['Large Language Models'],2024-09-25,2024-09,2024,,,,0,0,0,0,0,0,0,0,386.4,3519,7603.8,7465.8
Getting Started with Polars GPU Acceleration: 13x Faster Queries,blogs,/blog/polars-gpu-engine,Python,['Data Science'],2024-09-19,2024-09,2024,,,,0,0,0,0,0,0,0,0,690,2070,1297.2,717.6
Flux AI Image Generator: A Guide With Examples,tutorials,/tutorial/flux-ai,Artificial Intelligence,['Large Language Models'],2024-09-24,2024-09,2024,,,,0,0,0,0,0,0,0,0,3132.6,12999.6,9535.8,8763
"Adagrad Optimizer Explained: How It Works, Implementation, & Comparisons",tutorials,/tutorial/adagrad-optimizer-explained,Deep Learning,['Machine Learning'],2024-09-26,2024-09,2024,,,,0,0,0,0,0,0,0,0,234.6,6306.6,7907.4,7562.4
Mean Shift Clustering: A Comprehensive Guide,tutorials,/tutorial/mean-shift-clustering,Data Science,['Python'],2024-09-12,2024-09,2024,,,,0,0,0,0,0,0,0,0,745.2,3670.8,6748.2,6568.8
CI/CD in Data Engineering: A Guide for Seamless Deployment,blogs,/blog/ci-cd-in-data-engineering,Data Engineering,[],2024-09-15,2024-09,2024,,,,0,0,0,0,0,0,0,0,1090.2,2125.2,2290.8,2511.6
DynamoDB to Redshift: Three Methods for Migrating Data,tutorials,/tutorial/dynamodb-to-redshift,AWS,['Data Engineering'],2024-09-10,2024-09,2024,,,,0,0,0,0,0,0,0,0,483,1518,1035,814.2
Power BI Hierarchies: A Comprehensive Guide,tutorials,/tutorial/power-bi-hierarchies,Power BI,['Data Visualization'],2024-09-02,2024-09,2024,,,,0,0,0,0,0,0,0,0,1656,6196.2,9949.8,11688.6
Power BI Gantt Chart: A Complete How-To,tutorials,/tutorial/power-bi-gantt-chart,Power BI,['Data Analysis'],2024-09-30,2024-09,2024,,,,0,0,0,0,0,0,0,0,124.2,3422.4,8307.6,9204.6
VBA Excel: How to Get Started and Make Your Work Easier,tutorials,/tutorial/vba-excel,Excel,['Data Analysis'],2024-09-07,2024-09,2024,,,,0,0,0,0,0,0,0,0,1973.4,6872.4,20161.8,29421.6
SQL UPDATE with JOIN: How it Works,tutorials,/tutorial/sql-update-with-join,SQL,['Data Engineering'],2024-09-11,2024-09,2024,,,,0,0,0,0,0,0,0,0,938.4,21459,46533.6,52950.6
Top 30 RAG Interview Questions and Answers for 2024,blogs,/blog/rag-interview-questions,Artificial Intelligence,['Large Language Models'],2024-09-18,2024-09,2024,,,,0,0,0,0,0,0,0,0,3312,10557,13013.4,13496.4
Advanced RAG Techniques,blogs,/blog/rag-advanced,Artificial Intelligence,['Large Language Models'],2024-09-30,2024-09,2024,,,,0,0,0,0,0,0,0,0,0,11730,16960.2,18409.2
Azure Data Factory vs Databricks: A Detailed Comparison,blogs,/blog/azure-data-factory-vs-databricks,Azure,['Databricks'],2024-09-11,2024-09,2024,,,,0,0,0,0,0,0,0,0,3036,13192.8,14821.2,13896.6
Introduction to GitHub Codespaces,tutorials,/tutorial/github-codespaces,Git,['Data Engineering'],2024-09-24,2024-09,2024,,,,0,0,0,0,0,0,0,0,317.4,565.8,703.8,676.2
Top 30 Database Administrator Interview Questions for 2024,blogs,/blog/database-administrator-interview-questions,SQL,['Data Engineering'],2024-09-29,2024-09,2024,,,,0,0,0,0,0,0,0,0,41.4,5644.2,16739.4,26192.4
Understanding Euclidean Distance: From Theory to Practice,tutorials,/tutorial/euclidean-distance,Data Science,['Python'],2024-09-13,2024-09,2024,,,,0,0,0,0,0,0,0,0,841.8,7162.2,9094.2,6596.4
A Guide to the DBSCAN Clustering Algorithm,tutorials,/tutorial/dbscan-clustering-algorithm,Machine Learning,"['Python', 'Data Analysis']",2024-09-29,2024-09,2024,,,,0,0,0,0,0,0,0,0,27.6,14738.4,24757.2,19706.4
Git Switch Branch: A Guide With Practical Examples,tutorials,/tutorial/git-switch-branch,Git,['Git'],2024-09-11,2024-09,2024,,,,0,0,0,0,0,0,0,0,648.6,2773.8,3022.2,3077.4
AI in the Workplace: Boosting Efficiency and Upskilling Teams for Business Growth,blogs,/blog/ai-in-the-workplace,Cloud,"['Artificial Intelligence', 'For Business']",2024-09-04,2024-09,2024,,,,0,0,0,0,0,0,0,0,220.8,662.4,1090.2,814.2
What is Transitive Dependency?,tutorials,/tutorial/transitive-dependency,SQL,['Data Engineering'],2024-09-26,2024-09,2024,,,,0,0,0,0,0,0,0,0,303.6,6789.6,7383,5547.6
ARIMA for Time Series Forecasting: A Complete Guide,tutorials,/tutorial/arima,Data Science,['Python'],2024-09-09,2024-09,2024,2024-12-29,December,2024,0,0,0,0,0,0,0,0,10681.2,50728.8,64735.8,54261.6
How to Learn Statistics in 2024: A Complete Guide for Beginners,blogs,/blog/learn-statistics,Data Science,['Data Science'],2024-09-26,2024-09,2024,,,,0,0,0,0,0,0,0,0,220.8,3463.8,7189.8,9259.8
Replit Agent: A Guide With Practical Examples,tutorials,/tutorial/replit-agent-ai-code-editor,Artificial Intelligence,['Large Language Models'],2024-09-10,2024-09,2024,,,,0,0,0,0,0,0,0,0,12199.2,10529.4,7741.8,10419
Top 9 Anaconda Alternatives for Python Environment Management,blogs,/blog/anaconda-alternatives,Python,['Python'],2024-09-04,2024-09,2024,,,,0,0,0,0,0,0,0,0,8183.4,20506.8,17926.2,14614.2
How to Use a SQL Alias to Simplify Your Queries,tutorials,/tutorial/sql-alias,SQL,['Data Analysis'],2024-09-06,2024-09,2024,,,,0,0,0,0,0,0,0,0,731.4,3546.6,4236.6,4043.4
"14 Java Projects For All Levels: Beginner, Intermediate, & Advanced",blogs,/blog/java-projects-for-all-levels,Data Engineering,['Java'],2024-09-22,2024-09,2024,,,,0,0,0,0,0,0,0,0,3353.4,43608,70421.4,67564.8
Corrective RAG (CRAG) Implementation With LangGraph,tutorials,/tutorial/corrective-rag-crag,Artificial Intelligence,['Large Language Models'],2024-09-17,2024-09,2024,,,,0,0,0,0,0,0,0,0,841.8,2911.8,3063.6,3795
"AI in Customer Service: Enhancing Efficiency, Personalization, and Cost Reduction",blogs,/blog/ai-in-customer-service,Cloud,"['Artificial Intelligence', 'For Business']",2024-10-23,2024-10,2024,,,,0,0,0,0,0,0,0,0,0,303.6,1711.2,1987.2
Top 8 Cloud Computing Projects For All Levels,blogs,/blog/cloud-computing-projects,AWS,['Azure'],2024-10-29,2024-10,2024,,,,0,0,0,0,0,0,0,0,0,289.8,3450,6913.8
How to Visualize Machine Learning Models: From Linear Regression to Neural Networks,tutorials,/tutorial/visualize-machine-learning-models,Machine Learning,['Python'],2024-10-23,2024-10,2024,,,,0,0,0,0,0,0,0,0,0,855.6,2635.8,4015.8
"What Is Fraud Analytics? Techniques, Workflows, and Tools",blogs,/blog/fraud-analytics,Data Analysis,['Machine Learning'],2024-10-12,2024-10,2024,,,,0,0,0,0,0,0,0,0,0,979.8,2235.6,3077.4
Llama 3.2 and Gradio Tutorial: Build a Multimodal Web App,tutorials,/tutorial/llama-gradio-app,Artificial Intelligence,['Large Language Models'],2024-10-09,2024-10,2024,,,,0,0,0,0,0,0,0,0,0,6844.8,3905.4,3229.2
10 Docker Project Ideas: From Beginner to Advanced,blogs,/blog/docker-projects,Data Engineering,"['Data Science', 'Docker']",2024-10-08,2024-10,2024,,,,0,0,0,0,0,0,0,0,0,5975.4,14227.8,13344.6
DAX SUMMARIZE(): A Guide to Grouping and Summarizing Data,tutorials,/tutorial/dax-summarize,Power BI,['Data Analysis'],2024-10-11,2024-10,2024,,,,0,0,0,0,0,0,0,0,0,3036,10557,10046.4
OpenAI Realtime API: A Guide With Examples,tutorials,/tutorial/realtime-api-openai,Artificial Intelligence,"['OpenAI', 'Large Language Models']",2024-10-11,2024-10,2024,,,,0,0,0,0,0,0,0,0,0,54303,38598.6,30912
Breadth-First Search in Python: A Guide with Examples,tutorials,/tutorial/breadth-first-search-in-python,Python,['Data Science'],2024-10-30,2024-10,2024,,,,0,0,0,0,0,0,0,0,0,27.6,4830,8901
Databricks vs Snowflake: Similarities & Differences,blogs,/blog/databricks-vs-snowflake,Databricks,"['Snowflake', 'Data Engineering']",2024-10-29,2024-10,2024,,,,0,0,0,0,0,0,0,0,0,110.4,2566.8,3408.6
GPT-4o Vision Fine-Tuning: A Guide With Examples,tutorials,/tutorial/gpt-4o-vision-fine-tuning,Artificial Intelligence,"['OpenAI', 'ChatGPT', 'Large Language Models']",2024-10-09,2024-10,2024,,,,0,0,0,0,0,0,0,0,0,5906.4,3422.4,3077.4
Moving Data with Python and dlt: A Guide for Data Engineers,tutorials,/tutorial/python-dlt,Data Engineering,['Python'],2024-10-01,2024-10,2024,,,,0,0,0,0,0,0,0,0,0,3091.2,2801.4,2980.8
"Meta Movie Gen Guide: How It Works, Examples, Comparison",blogs,/blog/movie-gen-meta,Artificial Intelligence,['Large Language Models'],2024-10-17,2024-10,2024,,,,0,0,0,0,0,0,0,0,0,5865,3753.6,2718.6
Fine-Tuning Phi-3.5 on E-Commerce Classification Dataset,tutorials,/tutorial/fine-tuning-phi-3-5,Large Language Models,['Artificial Intelligence'],2024-10-10,2024-10,2024,,,,0,0,0,0,0,0,0,0,0,3877.8,7576.2,4843.8
Structural Equation Modeling: What It Is and When to Use It,tutorials,/tutorial/structural-equation-modeling,Python,['Data Science'],2024-10-02,2024-10,2024,,,,0,0,0,0,0,0,0,0,0,6458.4,20189.4,21417.6
Minkowski Distance: A Comprehensive Guide,tutorials,/tutorial/minkowski-distance,Data Science,['Python'],2024-10-09,2024-10,2024,,,,0,0,0,0,0,0,0,0,0,3187.8,6141,5533.8
Synthetic Data Generation: A Hands-On Guide in Python,tutorials,/tutorial/synthetic-data-generation,Data Science,['Data Science'],2024-10-21,2024-10,2024,,,,0,0,0,0,0,0,0,0,0,2359.8,12861.6,16132.2
Python Turtle Graphics: A Fun Way to Learn the Basics,tutorials,/tutorial/turtle-graphics,Python,['Data Visualization'],2024-10-03,2024-10,2024,,,,0,0,0,0,0,0,0,0,0,12627,23970.6,25709.4
SQS vs SNS: Understanding AWS Messaging Services,blogs,/blog/sqs-vs-sns,AWS,['Data Engineering'],2024-10-22,2024-10,2024,,,,0,0,0,0,0,0,0,0,0,427.8,2359.8,5727
RMSprop Optimizer Tutorial: Intuition and Implementation in Python,tutorials,/tutorial/rmsprop-optimizer-tutorial,Python,['Machine Learning'],2024-10-23,2024-10,2024,,,,0,0,0,0,0,0,0,0,0,317.4,1214.4,1683.6
Unsloth Guide: Optimize and Speed Up LLM Fine-Tuning,tutorials,/tutorial/unsloth-guide-optimize-and-speed-up-llm-fine-tuning,Large Language Models,['Artificial Intelligence'],2024-10-09,2024-10,2024,,,,0,0,0,0,0,0,0,0,0,6458.4,10074,9922.2
Arithmetic Mean: A Foundational Tool for Data Analysis,tutorials,/tutorial/arithmetic-mean,Data Analysis,['Data Science'],2024-10-28,2024-10,2024,,,,0,0,0,0,0,0,0,0,0,96.6,441.6,455.4
Normalization vs. Standardization: How to Know the Difference,tutorials,/tutorial/normalization-vs-standardization,Data Analysis,['Data Science'],2024-10-15,2024-10,2024,,,,0,0,0,0,0,0,0,0,0,6472.2,27130.8,28290
Federated Learning: A Thorough Guide to Collaborative AI,blogs,/blog/federated-learning,Artificial Intelligence,"['AI for Business', 'Cloud']",2024-10-04,2024-10,2024,,,,0,0,0,0,0,0,0,0,0,979.8,2939.4,2014.8
Python NiceGUI: Build Powerful Web Interfaces with Ease,tutorials,/tutorial/nicegui,Python,['Data Science'],2024-10-09,2024-10,2024,,,,0,0,0,0,0,0,0,0,0,3339.6,4871.4,4512.6
AWS Certified Developer Associate: How To Pass The Exam,blogs,/blog/aws-certified-developer-associate,AWS,"['AWS', 'Cloud']",2024-10-10,2024-10,2024,,,,0,0,0,0,0,0,0,0,0,1283.4,4719.6,7590
Speculative RAG Implementation With Transformers,tutorials,/tutorial/speculative-rag,Artificial Intelligence,['Large Language Models'],2024-10-10,2024-10,2024,,,,0,0,0,0,0,0,0,0,0,883.2,1462.8,1035
"AI in Project Management: Key Benefits, Tools, and Trends",blogs,/blog/ai-in-project-management,Cloud,"['Artificial Intelligence', 'For Business']",2024-10-31,2024-10,2024,,,,0,0,0,0,0,0,0,0,0,27.6,2194.2,4374.6
Top 27 Azure Data Factory Interview Questions and Answers,blogs,/blog/azure-data-factory-interview-questions,Azure,['Data Engineering'],2024-10-31,2024-10,2024,,,,0,0,0,0,0,0,0,0,0,0,17153.4,27379.2
Excel vs. Google Sheets: Which Spreadsheet Tool is Best for You?,blogs,/blog/excel-vs-google-sheets,Excel,['Data Analysis'],2024-10-30,2024-10,2024,,,,0,0,0,0,0,0,0,0,0,13.8,1117.8,786.6
The A* Algorithm: A Complete Guide,tutorials,/tutorial/a-star-algorithm,Machine Learning,['Artificial Intelligence'],2024-11-07,2024-11,2024,,,,0,0,0,0,0,0,0,0,0,0,13372.2,29269.8
AI in Supply Chain: Key Applications and Benefits for Businesses,blogs,/blog/ai-in-supply-chain,Cloud,"['Artificial Intelligence', 'For Business']",2024-11-14,2024-11,2024,,,,0,0,0,0,0,0,0,0,0,0,869.4,1807.8
Top 20 LLM Guardrails With Examples,blogs,/blog/llm-guardrails,Artificial Intelligence,"['Large Language Models', 'Generative AI']",2024-11-08,2024-11,2024,,,,0,0,0,0,0,0,0,0,0,0,5133.6,8776.8
Anthropic's Contextual Retrieval: A Guide With Implementation,tutorials,/tutorial/contextual-retrieval-anthropic,Artificial Intelligence,['Large Language Models'],2024-11-29,2024-11,2024,,,,0,0,0,0,0,0,0,0,0,0,96.6,1738.8
SQL Pivot Rows to Columns: A Comprehensive Guide,tutorials,/tutorial/sql-pivot-rows-to-columns,SQL,['Data Engineering'],2024-11-26,2024-11,2024,,,,0,0,0,0,0,0,0,0,0,0,165.6,5078.4
How to Use Homebrew to Install PostgreSQL on Mac,tutorials,/tutorial/brew-install-postgres,PostgreSQL,"['SQL', 'Data Engineering']",2024-11-17,2024-11,2024,,,,0,0,0,0,0,0,0,0,0,0,1642.2,4609.2
ChatGPT for Retail: Practical Applications and Strategies for Retailers,blogs,/blog/chatgpt-for-retail,Cloud,"['Artificial Intelligence', 'AI for Business']",2024-11-20,2024-11,2024,,,,0,0,0,0,0,0,0,0,0,0,165.6,276
Harmonic Mean Explained: A Guide to Rates and Ratios,tutorials,/tutorial/harmonic-mean,Data Science,['Data Analysis'],2024-11-26,2024-11,2024,,,,0,0,0,0,0,0,0,0,0,0,41.4,772.8
Recursive Retrieval for RAG: Implementation With LlamaIndex,tutorials,/tutorial/recursive-retrieval-rag-llamaindex,Artificial Intelligence,['Large Language Models'],2024-11-13,2024-11,2024,,,,0,0,0,0,0,0,0,0,0,0,786.6,1421.4
Introduction to Podman for Machine Learning: Streamlining MLOps Workflows,tutorials,/tutorial/introduction-to-podman-for-machine-learning-streamlining-ml-ops-workflows,MLOps,"['Machine Learning', 'Artificial Intelligence']",2024-11-06,2024-11,2024,,,,0,0,0,0,0,0,0,0,0,0,538.2,441.6
Iloc vs Loc in Pandas: A Guide With Examples,tutorials,/tutorial/loc-vs-iloc,Data Science,['Python'],2024-11-21,2024-11,2024,,,,0,0,0,0,0,0,0,0,0,0,1338.6,6237.6
Geometric Mean: A Measure for Growth and Compounding,tutorials,/tutorial/geometric-mean,Data Analysis,['Data Science'],2024-11-01,2024-11,2024,,,,0,0,0,0,0,0,0,0,0,0,1614.6,2815.2
How to Learn Azure: A Beginner’s Guide to Microsoft’s Cloud Platform,blogs,/blog/how-to-learn-azure,Azure,['Big Data'],2024-11-30,2024-11,2024,,,,0,0,0,0,0,0,0,0,0,0,27.6,648.6
Learn Data Engineering From Scratch in 2025: The Complete Guide,blogs,/blog/how-to-learn-data-engineering,Data Engineering,['Data Engineering'],2024-11-23,2024-11,2024,,,,0,0,0,0,0,0,0,0,0,0,8956.2,5506.2
Top 30 Generative AI Interview Questions and Answers for 2024,blogs,/blog/genai-interview-questions,Generative AI,"['Artificial Intelligence', 'Large Language Models']",2024-11-06,2024-11,2024,,,,0,0,0,0,0,0,0,0,0,0,39123,60140.4
Machine Learning with Python & Snowflake Cortex AI: A Guide,tutorials,/tutorial/snowflake-cortex-ai,Snowflake,"['Artificial Intelligence', 'Python', 'Machine Learning']",2024-11-08,2024-11,2024,,,,0,0,0,0,0,0,0,0,0,0,1462.8,1807.8
Learn PySpark From Scratch in 2025: The Complete Guide,blogs,/blog/learn-pyspark,PySpark,['Data Engineering'],2024-11-24,2024-11,2024,,,,0,0,0,0,0,0,0,0,0,0,303.6,1904.4
Python Bar Plot: Master Basic and More Advanced Techniques,tutorials,/tutorial/python-bar-plot,Python,['Data Analysis'],2024-11-06,2024-11,2024,,,,0,0,0,0,0,0,0,0,0,0,1780.2,6016.8
What is Third Normal Form (3NF)?,tutorials,/tutorial/third-normal-form,Data Engineering,['SQL'],2024-11-18,2024-11,2024,,,,0,0,0,0,0,0,0,0,0,0,2484,9522
How to Highlight Duplicates in Excel,tutorials,/tutorial/highlight-duplicates-excel,Excel,['Data Analysis'],2024-11-13,2024-11,2024,,,,0,0,0,0,0,0,0,0,0,0,828,3850.2
Celebrating Saghar Hazinyar: A DataCamp Donates Scholarship Recipient and Code to Inspire Graduate,blogs,/blog/celebrating-saghar-hazinyar-a-datacamp-donates-scholarship-recipient-and-code-to-inspire-graduate,DataCamp Donates,['Learner Stories'],2024-11-15,2024-11,2024,,,,0,0,0,0,0,0,0,0,0,0,138,138
ActiveMQ vs Kafka: Differences & Use Cases Explained,blogs,/blog/activemq-vs-kafka,Kafka,['Data Engineering'],2024-11-03,2024-11,2024,,,,0,0,0,0,0,0,0,0,0,0,676.2,1228.2
Depth-First Search in Python: Traversing Graphs and Trees,tutorials,/tutorial/depth-first-search-in-python,Python,['Data Science'],2024-11-03,2024-11,2024,,,,0,0,0,0,0,0,0,0,0,0,3463.8,6844.8
"ROI of AI: Key Drivers, KPIs & Challenges",blogs,/blog/roi-of-ai,Cloud,"['Artificial Intelligence', 'For Business']",2024-11-14,2024-11,2024,,,,0,0,0,0,0,0,0,0,0,0,869.4,1352.4
AWS Multi-Agent Orchestrator: A Guide With Examples,tutorials,/tutorial/aws-multi-agent-orchestrator,Artificial Intelligence,['Large Language Models'],2024-11-29,2024-11,2024,,,,0,0,0,0,0,0,0,0,0,0,82.8,5119.8
ChatGPT in Education: Empowering Educators,blogs,/blog/chat-gpt-in-education,ChatGPT,"['AI for Business', 'Artificial Intelligence']",2024-11-29,2024-11,2024,,,,0,0,0,0,0,0,0,0,0,0,55.2,979.8
HumanEval: A Benchmark for Evaluating LLM Code Generation Capabilities,tutorials,/tutorial/humaneval-benchmark-for-evaluating-llm-code-generation-capabilities,Artificial Intelligence,['Large Language Models'],2024-11-13,2024-11,2024,,,,0,0,0,0,0,0,0,0,0,0,4885.2,6637.8
What is a DAG? A Practical Guide with Examples,blogs,/blog/what-is-a-dag,Data Engineering,['Airflow'],2024-11-21,2024-11,2024,,,,0,0,0,0,0,0,0,0,0,0,1228.2,6182.4
"What Is Google's Veo 2? How to Access It, Features, Examples",blogs,/blog/veo-2,Artificial Intelligence,['Large Language Models'],2024-12-18,2024-12,2024,,,,0,0,0,0,0,0,0,0,0,0,0,152752.2
Top 51 Data Warehouse Interview Questions and Answers for 2025,blogs,/blog/data-warehouse-interview-questions,Data Engineering,['Business Intelligence'],2024-12-04,2024-12,2024,,,,0,0,0,0,0,0,0,0,0,0,0,6624
"What Is OpenAI's O1 Pro Mode? Features, ChatGPT Pro & More",blogs,/blog/o1-pro-mode,Artificial Intelligence,['Large Language Models'],2024-12-05,2024-12,2024,2024-12-09,December,2024,0,0,0,0,0,0,0,0,0,0,0,83393.4
ECS vs EKS: Which AWS Container Service is Right for You?,blogs,/blog/ecs-vs-eks,Cloud,['AWS'],2024-12-26,2024-12,2024,,,,0,0,0,0,0,0,0,0,0,0,0,386.4
"The Top 26 DataCamp Articles of 2024: Career Guidance, AI Insights, and Data Trends",blogs,/blog/top-datacamp-articles,Artificial Intelligence,['Career Services'],2024-12-24,2024-12,2024,,,,0,0,0,0,0,0,0,0,0,0,0,317.4
A Practical Guide to Understanding GDPR Compliance,blogs,/blog/understanding-gdpr-compliance,For Business,['For Business'],2024-12-20,2024-12,2024,,,,0,0,0,0,0,0,0,0,0,0,0,138
Metaflow Tutorial for Beginners: Build and Scale Data Workflows,tutorials,/tutorial/metaflow,MLOps,['Python'],2024-12-19,2024-12,2024,,,,0,0,0,0,0,0,0,0,0,0,0,538.2
Gemini 2.0 Flash: Step-by-Step Tutorial With Demo Project,tutorials,/tutorial/gemini-2-0-flash,Artificial Intelligence,['Large Language Models'],2024-12-16,2024-12,2024,,,,0,0,0,0,0,0,0,0,0,0,0,13689.6
Master Python's argparse Module: Build Better CLIs,tutorials,/tutorial/python-argparse,Python,['Python'],2024-12-03,2024-12,2024,,,,0,0,0,0,0,0,0,0,0,0,0,883.2
pytest-mock Tutorial: A Beginner’s Guide to Mocking in Python,tutorials,/tutorial/pytest-mock,Python,['Python'],2024-12-18,2024-12,2024,,,,0,0,0,0,0,0,0,0,0,0,0,897
Reinforcement Learning with Gymnasium: A Practical Guide,tutorials,/tutorial/reinforcement-learning-with-gymnasium,Machine Learning,['Python'],2024-12-25,2024-12,2024,,,,0,0,0,0,0,0,0,0,0,0,0,441.6
How to Maintain Data Security,blogs,/blog/how-to-maintain-data-security,For Business,['Data Governance'],2024-12-10,2024-12,2024,,,,0,0,0,0,0,0,0,0,0,0,0,345
From Excel to Python: A Senior Analyst's Journey to Data Science,blogs,/blog/from-excel-to-python-a-senior-analysts-journey-to-data-science,Learner Stories,['Data Analysis'],2024-12-13,2024-12,2024,,,,0,0,0,0,0,0,0,0,0,0,0,234.6
AI Talent Shortages: How to Build AI Literacy in Your Business,blogs,/blog/ai-talent-shortages,AI for Business,"['Artificial Intelligence', 'For Business']",2024-12-20,2024-12,2024,,,,0,0,0,0,0,0,0,0,0,0,0,524.4
"What Is Meta's Llama 3.3 70B? How It Works, Use Cases & More",blogs,/blog/llama-3-3-70b,Artificial Intelligence,['Large Language Models'],2024-12-06,2024-12,2024,,,,0,0,0,0,0,0,0,0,0,0,0,78494.4
I Tested QwQ-32B-Preview: Alibaba’s Reasoning Model,blogs,/blog/qwq-32b-preview,Artificial Intelligence,['Large Language Models'],2024-12-10,2024-12,2024,,,,0,0,0,0,0,0,0,0,0,0,0,7010.4
Top 34 MySQL Interview Questions and Answers For 2025,blogs,/blog/mysql-interview-questions,MySQL,['SQL'],2024-12-25,2024-12,2024,,,,0,0,0,0,0,0,0,0,0,0,0,565.8
ChatGPT Canvas: A Guide With Examples,blogs,/blog/chatgpt-canvas,Artificial Intelligence,['ChatGPT'],2024-12-10,2024-12,2024,,,,0,0,0,0,0,0,0,0,0,0,0,9618.6
Qwen 2.5 Coder: A Guide With Examples,tutorials,/tutorial/qwen-coder-2-5,Artificial Intelligence,['Large Language Models'],2024-12-12,2024-12,2024,,,,0,0,0,0,0,0,0,0,0,0,0,11702.4
"AI in Retail: Transforming Efficiency, Personalization, and Customer Experience",blogs,/blog/ai-in-retail,AI for Business,"['For Business', 'Artificial Intelligence']",2024-12-20,2024-12,2024,,,,0,0,0,0,0,0,0,0,0,0,0,193.2